date,temp_avg,temp_max,temp_min,variation
2023-11-01,0.0,0.0,0.0,
2023-11-02,0.0,0.0,0.0,
2023-11-03,0.0,0.0,0.0,
2023-11-04,0.0,0.0,0.0,
2023-11-05,0.0,0.0,0.0,
2023-11-06,0.0,0.0,0.0,
2023-11-07,9.912331178125001,11.256250000000001,8.2625,3.7465090300329487
2023-11-08,16.08052083375,21.200000000000003,10.7,6.5868445042539205
2023-11-09,15.8807291669375,20.487499999999997,11.04375,7.730348863351778
2023-11-10,16.921076195624998,20.9625,14.09375,8.180541854435736
2023-11-11,16.084947431875,19.93125,12.568750000000001,7.671264234889187
2023-11-12,12.978715277500001,15.587499999999999,11.13125,6.052603824099866
2023-11-13,13.620291162625,19.325,8.9625,2.48035488575523
2023-11-14,13.7725429148125,18.78125,7.26875,1.543280757211127
2023-11-15,13.587430555750002,18.025,9.881250000000001,1.5530367670274008
2023-11-16,13.872515129625,19.21875,8.7,1.4807025279045603
2023-11-17,13.2012030575625,14.931249999999999,11.49375,1.0246352972460129
2023-11-18,12.3038328295625,16.6375,9.55,0.5528131785168452
2023-11-19,14.400972222812499,19.9625,8.4625,0.6528706326433463
2023-11-20,13.512638888499998,18.78125,7.625000000000001,0.6518479278257389
2023-11-21,12.900620343687502,18.512500000000003,6.9937499999999995,0.6786573354408693
2023-11-22,15.452743055812501,20.8375,9.431249999999999,1.0373123154610757
2023-11-23,16.706616055625002,22.1125,12.46875,1.5559295992069264
2023-11-24,18.013055461249998,22.19375,12.7875,2.0827190923719816
2023-11-25,13.97057146175,20.081249999999997,8.90625,1.8363892008239693
2023-11-26,11.890078756000001,15.60625,9.90625,2.1838566959678496
2023-11-27,12.973576388562499,18.2,7.424999999999999,2.238850362007075
2023-11-28,16.2787170225,21.225,10.8375,2.1854529746616875
2023-11-29,12.410381944874999,17.59375,6.21875,2.383419810081011
2023-11-30,11.836701389125,17.9125,6.7875000000000005,2.3788633297071518
2023-12-01,10.569017184812502,17.03125,5.075,1.8426140270796232
2023-12-02,10.333390683312501,15.88125,4.11875,1.9806292946513708
2023-12-03,10.6955902784375,15.93125,5.356249999999999,2.073849085648725
2023-12-04,10.75031250025,17.1,4.21875,2.098011427635228
2023-12-05,8.4229513888125,10.837499999999999,6.050000000000001,1.2619136064986705
2023-12-06,12.2817708325625,17.46875,7.8125,1.2337702392605219
2023-12-07,13.592395833375,20.06875,7.749999999999999,1.6213058187579172
2023-12-08,13.062269821500003,19.331249999999997,6.45,1.789019449309244
2023-12-09,14.014270834125,20.2375,7.1625000000000005,1.9857929415656204
2023-12-10,14.0243561684375,21.08125,7.449999999999999,2.0654501887907504
2023-12-11,13.341263415375,17.65,10.18125,1.9699587918967705
2023-12-12,14.432454666249999,17.825,12.443750000000001,0.7198932954263226
2023-12-13,14.054687498375,19.925,7.75625,0.47574870587415075
2023-12-14,13.77489583375,19.05625,8.2125,0.4681304230486953
2023-12-15,14.424756944999999,17.849999999999998,12.212499999999999,0.37753445750607295
2023-12-16,19.42758852625,22.98125,16.856250000000003,2.0826377708051145
2023-12-17,14.5193749998125,20.78125,10.3,2.0608805945994297
2023-12-18,11.1537102055,16.56875,5.36875,2.456340678263524
2023-12-19,11.640763889375002,16.918750000000003,8.575,2.6922189087727153
2023-12-20,13.2266724861875,18.75,8.8375,2.7148030433691104
2023-12-21,12.696076389249999,18.63125,6.7625,2.7615190277744768
2023-12-22,9.846527776875,16.393749999999997,3.76875,3.1262545135119812
2023-12-23,8.578318590999999,15.96875,1.9812500000000002,2.030838832080455
2023-12-24,8.017604165875,14.33125,3.5437499999999997,1.9947784252090404
2023-12-25,9.6252083330625,16.75,2.76875,2.0250026143196544
2023-12-26,10.161458333437501,16.53125,3.29375,1.9646841081116988
2023-12-27,10.586423611437501,16.51875,5.1187499999999995,1.5121623130140363
2023-12-28,9.71444444475,13.425,6.206250000000001,0.8987448674589147
2023-12-29,10.893576388437499,18.1875,4.3625,1.0410604810612445
2023-12-30,11.647405727,17.1875,6.24375,1.1528696761637887
2023-12-31,11.98302083375,15.55,9.31875,0.9127548297710543
2024-01-01,13.918854166875,20.25625,7.21875,1.4097764823841503
2024-01-02,10.9481065718125,17.3875,5.7,1.3358988443063398
2024-01-03,11.29965277725,16.924999999999997,6.5375,1.2913358087077988
2024-01-04,12.4814236113125,18.543749999999996,7.48125,1.0615703112908161
2024-01-05,11.3059297404375,17.88125,5.275,1.0076709959556913
2024-01-06,12.05656249925,18.55625,5.78125,0.999662544287915
2024-01-07,10.473784722125,16.349999999999998,5.80625,1.1544707074035132
2024-01-08,9.94187500075,16.887499999999996,2.94375,0.8726367312985371
2024-01-09,10.304618056,16.012500000000003,3.9749999999999996,0.9369994424700789
2024-01-10,10.017881944625,15.662500000000001,4.4125,1.0185140030138315
2024-01-11,9.44381944425,14.71875,5.1125,0.8916695086969612
2024-01-12,11.6753326740625,18.59375,4.6875,0.9555228475046831
2024-01-13,11.420173610937502,18.55625,5.73125,0.8082257489941103
2024-01-14,11.391805556187501,18.25,5.05,0.8805275105849328
2024-01-15,12.750347222812499,17.99375,6.875,1.1342879309550518
2024-01-16,9.2562420470625,15.64375,2.89375,1.2987794872785219
2024-01-17,10.5334374996875,16.543750000000003,3.375,1.2576409109305813
2024-01-18,12.264236111749998,18.5625,6.66875,1.1515442221999082
2024-01-19,12.4173958331875,18.012500000000003,7.75,1.2209791642617989
2024-01-20,9.56454861075,12.462499999999999,7.24375,1.4109795083269419
2024-01-21,9.9204166660625,11.712499999999999,8.58125,1.4800403646066662
2024-01-22,13.913749999499998,19.63125,8.212499999999999,1.7546842526710906
2024-01-23,13.902300977062499,20.55625,7.981249999999999,1.8082013294362589
2024-01-24,11.8689236116875,18.84375,4.875,1.7221765360839245
2024-01-25,11.033565331812499,17.46875,3.3875,1.7507604373321584
2024-01-26,12.5917013890625,18.9125,5.0,1.7621579988283733
2024-01-27,11.575173610375002,18.9,3.43125,1.4716687540469058
2024-01-28,9.2554861109375,15.46875,3.86875,1.64785079121095
2024-01-29,10.623402777625,17.4375,2.9062499999999996,1.4782246544261572
2024-01-30,11.85503472125,18.51875,4.975,1.085678128465252
2024-01-31,13.948576389374999,19.668750000000003,7.94375,1.490073629514699
2024-02-01,15.544597107062497,21.45,10.48125,2.0841666556305882
2024-02-02,9.4692708339375,12.25625,7.406250000000001,2.308238216545921
2024-02-03,13.37097222225,19.94375,5.85,2.383730167223609
2024-02-04,10.2415972230625,13.1,8.15,2.2171585279894743
2024-02-05,6.6872569441875,9.35,4.525,3.0220405638648593
2024-02-06,8.5463194435,11.65625,6.2125,3.2252694920989873
2024-02-07,12.0393749999375,18.61875,4.66875,3.0199539381022382
2024-02-08,11.760842644999999,19.256249999999998,5.5125,2.2880541881746943
2024-02-09,9.740312501250001,15.812499999999998,4.95,2.2738581541283605
2024-02-10,11.805540231375002,19.756249999999998,5.2,1.9847965661788984
2024-02-11,12.5294097224375,19.09375,5.7,2.186759675584104
2024-02-12,12.86947916725,18.93125,5.918749999999999,1.581111965801877
2024-02-13,14.09670138825,20.525,6.79375,1.3250141673070173
2024-02-14,15.018578372687498,22.15625,7.24375,1.7156081288624803
2024-02-15,15.6504513895,20.875,10.30625,2.0215910628466296
2024-02-16,15.9101041665625,20.89375,10.65625,1.616253872564358
2024-02-17,13.4566319448125,19.55,8.912500000000001,1.3429008003055785
2024-02-18,15.899062500625,22.1,10.51875,1.236102254871838
2024-02-19,17.348743016249998,22.18125,13.756250000000001,1.2887446561199838
2024-02-20,20.457187500625,25.487499999999997,16.19375,2.1918447268533217
2024-02-21,12.566006944375001,13.54375,11.7375,2.5824642281943895
2024-02-22,10.0892361104375,11.275,9.0375,3.398050983281881
2024-02-23,8.2630208338125,10.9125,6.4625,4.22440263867007
2024-02-24,10.810729167249999,18.1875,4.300000000000001,4.397157126557816
2024-02-25,9.1617013885625,12.45,6.550000000000001,4.553178166017849
2024-02-26,13.071144863437501,19.4875,7.46875,4.083564380526937
2024-02-27,12.882013889375,18.69375,6.012499999999999,1.9155601012444348
2024-02-28,13.610833333,19.174999999999997,5.768750000000001,2.092484864142293
2024-02-29,13.111215278375,18.49375,7.60625,2.1535539575608067
2024-03-01,15.564062500375002,21.50625,11.21875,2.057250139038533
2024-03-02,15.2055555555,24.325000000000003,7.8375,2.089943878922324
2024-03-03,13.856379772562498,19.5125,6.9,1.0727361501940174
2024-03-04,13.708506944875001,19.575000000000003,6.456250000000001,1.0162015427615543
2024-03-05,9.808784722375,12.025,7.6875,1.8756863562006791
2024-03-06,9.5155545854375,11.556249999999999,8.049999999999999,2.4153774932978846
2024-03-07,12.020334031875,16.9125,7.94375,2.439603658838392
2024-03-08,11.184759921,18.15625,6.825,2.1617226613238474
2024-03-09,12.6567708340625,18.606250000000003,4.71875,1.742248937404556
2024-03-10,12.181840278125001,17.66875,4.53125,1.5166518518191086
2024-03-11,13.2476041666875,20.0375,6.16875,1.415603000294852
2024-03-12,12.853472221250001,18.6625,10.175,1.2629569815512252
2024-03-13,16.197361111187497,21.40625,9.01875,1.5961466428121553
2024-03-14,14.402499999875001,20.14375,6.699999999999999,1.6294396845939911
2024-03-15,15.277533751375,20.91875,7.7875000000000005,1.4951694569648135
2024-03-16,16.161701389,21.912499999999998,9.83125,1.6182052071329955
2024-03-17,18.958298610625,22.487499999999997,13.618749999999999,2.079053167896952
2024-03-18,16.533611110625,22.06875,8.74375,1.9018905787451188
2024-03-19,11.956180554875,17.43125,6.59375,2.1457623583788643
2024-03-20,13.090902778500002,18.15625,7.3,2.3252532822694114
2024-03-21,13.613212291,20.400000000000002,6.387499999999999,2.3884919755192207
2024-03-22,14.348194444625001,20.049999999999997,5.731249999999999,2.401764972277588
2024-03-23,9.181006944500002,12.44375,5.825,3.14871942192632
2024-03-24,13.9819097220625,19.50625,8.89375,2.2697813435614997
2024-03-25,15.216319444375,17.993750000000002,12.8625,1.9887571714410133
2024-03-26,12.61934027725,14.66875,11.21875,1.942935209545755
2024-03-27,15.6629513886875,21.7875,7.924999999999999,2.160852553188651
2024-03-28,14.273194443937502,20.99375,9.50625,2.1800347340209125
2024-03-29,16.826805555625,21.675,13.693750000000001,2.4977130746441936
2024-03-30,20.2639930555625,26.3125,12.975,2.471637963741348
2024-03-31,21.684131943750003,25.693749999999998,15.700000000000001,3.2496106501133952
2024-04-01,17.2016666675,23.631249999999998,13.081249999999999,3.189761684633696
2024-04-02,16.7471180553125,21.39375,10.274999999999999,2.5832477424858196
2024-04-03,16.1406597225,19.35625,12.6125,2.531720491920598
2024-04-04,18.098467566875,22.3625,14.887500000000001,2.066249878908904
2024-04-05,14.454756945000002,16.4375,12.756250000000001,2.4717550423152175
2024-04-06,15.388402778125,19.1,12.774999999999999,2.344967716702889
2024-04-07,19.140173611875,22.956249999999997,15.506250000000001,1.5930998590634702
2024-04-08,19.474423105625,22.13125,16.175,1.9043592134434517
2024-04-09,17.838888889375,20.48125,15.5,1.9187890877857992
2024-04-10,16.9800694448125,21.974999999999998,9.55,1.8656301925615089
2024-04-11,16.1674652764375,20.112499999999997,10.975000000000001,1.877395418292264
2024-04-12,17.05774305625,20.525,13.700000000000001,1.4930102863400274
2024-04-13,19.355555555000002,24.3625,13.200000000000001,1.330643185361713
2024-04-14,19.503475326,23.856250000000003,12.70625,1.388270395751832
2024-04-15,20.885763888125,25.643749999999997,13.887500000000001,1.6970882588939002
2024-04-16,20.496423611875002,25.0,15.03125,1.8761462071645516
2024-04-17,21.6625,27.325,17.13125,2.017107744008703
2024-04-18,18.608506944374998,22.1,15.712499999999999,1.5387394984329419
2024-04-19,20.4717708325,24.05,14.66875,1.0390111604497003
2024-04-20,20.49711805625,26.0875,13.993749999999999,0.9833595101933028
2024-04-21,20.3452629525,24.375,16.18125,0.9185310843172622
2024-04-22,18.063946500625,21.45,15.89375,1.2437023888678032
2024-04-23,17.971631944374998,21.70625,15.66875,1.434279210449794
2024-04-24,17.880823915625,20.36875,15.825,1.2554008921493385
2024-04-25,22.493952090625,26.893749999999997,17.143749999999997,1.7522599250853723
2024-04-26,21.4723097425,25.206250000000004,17.53125,1.8652568008184016
2024-04-27,20.35996527625,24.35625,17.5875,1.8576372959513565
2024-04-28,23.804276685625002,27.2875,18.675,2.4063987652983765
2024-04-29,19.362943435625,21.881249999999998,16.975,2.250974569121436
2024-04-30,23.021076,27.43125,19.9125,2.119135098963039
2024-05-01,17.318229164999998,18.956249999999997,15.768749999999999,2.271183697046041
2024-05-02,17.453181253750003,22.325000000000003,12.55,2.545162714130275
2024-05-03,18.9549652781875,24.006249999999998,12.843750000000002,2.5460538222953972
2024-05-04,21.021458333124997,26.225,14.556249999999999,2.572084959021933
2024-05-05,22.52315041125,27.20625,16.293750000000003,2.2983936893083565
2024-05-06,21.657881945,25.38125,18.8,2.363339226102197
2024-05-07,20.769097223125,23.112499999999997,19.3125,2.061835510362252
2024-05-08,21.088068725625,25.0375,17.78125,1.7221146783873886
2024-05-09,13.949793412499998,18.1,11.34375,2.876066705984494
2024-05-10,17.97436431625,20.606250000000003,15.400000000000002,2.9578799389158386
2024-05-11,22.331355159375,27.2875,17.075000000000003,3.082784386269568
2024-05-12,21.29423611125,26.300000000000004,18.1875,2.950070528795791
2024-05-13,20.737465278125,22.99375,18.675,2.8765088578951783
2024-05-14,19.516840277500002,23.1875,16.15625,2.8401823017226024
2024-05-15,10.36469818375,13.025,7.74375,4.360920121798233
2024-05-16,0.0,0.0,0.0,8.109404303456934
2024-05-17,15.229310968750001,16.13125,14.2375,8.066037152749523
2024-05-18,15.397527440000001,16.787499999999998,13.11875,7.514097166510239
2024-05-19,13.446,13.86875,12.912500000000001,6.919202425595648
2024-05-20,4.66517857125,4.79375,4.525,6.793424094341945
2024-05-21,0.0,0.0,0.0,6.831091100195059
2024-05-22,9.563263889375001,10.63125,9.03125,6.800165892874301
2024-05-23,22.807819684374998,26.731250000000003,19.96875,7.5654357958727045
2024-05-24,0.0,0.0,0.0,8.478151917914628
2024-05-25,14.504821428125002,15.425,13.275000000000002,8.379237543182452
2024-05-26,0.0,0.0,0.0,8.79686285973012
2024-05-27,0.0,0.0,0.0,9.202674336581346
2024-05-28,14.806363637499999,15.875,13.94375,9.108073422993916
2024-05-29,18.545391291875,22.075000000000003,15.14375,9.835271938401323
2024-05-30,12.316059027499998,13.506250000000001,11.0625,8.246066348757854
2024-05-31,11.864188206875,14.899999999999999,10.46875,7.356005739088619
2024-06-01,0.0,0.0,0.0,7.987040434371264
2024-06-02,13.415927879999998,16.05625,11.149999999999999,7.262969626580081
2024-06-03,0.0,0.0,0.0,7.262969626580081
2024-06-04,0.0,0.0,0.0,7.811263292199303
2024-06-05,11.465829778125,14.1625,9.587499999999999,6.583160682564612
2024-06-06,21.397862471874998,26.1875,19.081249999999997,8.437242450354708
2024-06-07,24.064824546875,27.19375,20.1125,10.340300042434803
2024-06-08,0.0,0.0,0.0,10.340300042434803
2024-06-09,6.933630952500001,7.26875,6.6,10.278618134265193
2024-06-10,12.583321573749998,13.83125,11.45,9.487013202808294
2024-06-11,0.0,0.0,0.0,9.487013202808294
2024-06-12,16.746303366875,17.74375,15.5625,9.744030678549967
2024-06-13,11.534249249375002,13.725000000000001,10.59375,8.767995984355895
2024-06-14,27.6031403175,31.24375,23.081249999999997,9.743771841590025
2024-06-15,7.444328704375001,8.40625,6.699999999999999,8.72519554691573
2024-06-16,12.590972221874999,13.60625,12.0875,8.453304338777079
2024-06-17,25.916249998749997,30.525,23.13125,9.827897668901189
2024-06-18,15.92317274375,16.78125,15.325,7.456033465192205
2024-06-19,12.598951389375,15.075,10.875,7.625953874024975
2024-06-20,24.82208850875,28.074999999999996,20.987499999999997,7.91072154921112
2024-06-21,20.8050347225,22.50625,19.48125,6.907350305588888
2024-06-22,25.04572916625,29.143749999999997,21.0,5.91463550449208
2024-06-23,23.742812499375002,26.31875,22.15625,5.140809889217488
2024-06-24,28.767881944375002,33.10625,24.775,5.657822982130105
2024-06-25,28.218888889375002,32.375,25.13125,5.481405376025231
2024-06-26,27.703923611249998,30.85625,24.25625,2.848171834919489
2024-06-27,26.227039106875,30.0,23.737500000000004,2.8347878678467913
2024-06-28,24.100902777499996,25.625,23.049999999999997,2.028344285551898
2024-06-29,25.371441069375003,29.587500000000002,22.75625,1.9994250973398864
2024-06-30,19.174663956875,21.237499999999997,17.8125,3.2984642231087555
2024-07-01,14.666186745625,16.175,13.66875,4.964092711789375
2024-07-02,13.890183824375,14.906249999999998,12.993749999999999,5.664896697367054
2024-07-03,23.3479230375,27.05,20.0125,5.091680870903382
2024-07-04,29.726875000625,33.525,26.049999999999997,5.814629641253922
2024-07-05,29.645092528125,34.31875,26.13125,6.562489063392869
2024-07-06,29.625243055625,32.71875,25.93125,7.075491317569915
2024-07-07,30.717430554375003,34.98125,26.76875,7.4084872659769
2024-07-08,31.812255198749998,36.44375,27.743750000000002,6.370484153562966
2024-07-09,29.449131953749998,33.243750000000006,26.8125,2.7108133557207763
2024-07-10,30.01650818625,33.96875,26.281250000000004,0.8468540125051353
2024-07-11,22.037168868125,23.48125,20.893749999999997,3.1981334438434876
2024-07-12,0.0,0.0,0.0,11.394222388937987
2024-07-13,23.0429806975,25.450000000000003,20.668750000000003,11.200395081032172
2024-07-14,20.932290819374998,23.5125,19.393749999999997,10.806764085578285
2024-07-15,25.70156249875,29.868750000000002,23.356250000000003,10.153393387346949
2024-07-16,25.67661506875,28.762500000000003,23.5625,9.759638256742802
2024-07-17,26.657321539999998,31.131249999999998,24.1,9.318349529795675
2024-07-18,29.350763889375,32.887499999999996,25.481250000000003,9.900982683489048
2024-07-19,30.387465278124996,33.95,27.00625,3.3045378877365197
2024-07-20,32.064138539375,35.74375,28.275,3.7096874307801375
2024-07-21,30.31899305625,34.412499999999994,26.306250000000002,2.56367979741744
2024-07-22,31.4005902775,35.73125,27.21875,2.391216217741914
2024-07-23,31.680243054375,36.03125,27.66875,1.843839259234496
2024-07-24,31.59888888875,35.568749999999994,28.08125,0.9719017730333117
2024-07-25,31.358263889375,35.324999999999996,27.975,0.6600886809287425
2024-07-26,30.990091946249997,35.2625,27.40625,0.5591543979845942
2024-07-27,31.145381944999997,35.34375,27.39375,0.4613433883285462
2024-07-28,31.499999999375,36.05,27.9875,0.24508593583056607
2024-07-29,31.7662152775,35.05,28.131249999999998,0.2853762166320654
2024-07-30,30.5329861125,35.125,26.95,0.41875911687601797
2024-07-31,30.499826388124998,33.5875,26.84375,0.47699861921944026
2024-08-01,29.392916666250002,33.2375,26.106250000000003,0.7866480869627134
2024-08-02,28.837256944375,33.2375,25.737499999999997,1.0806557331741156
2024-08-03,29.934826389374997,33.75,25.41875,1.0615113950208819
2024-08-04,30.2279861125,33.943749999999994,25.35,0.9333790381535815
2024-08-05,29.910537904374998,33.737500000000004,25.85625,0.6131516422841724
2024-08-06,30.293368056250003,34.193749999999994,26.50625,0.577939141470433
2024-08-07,30.212043955625,34.5,27.28125,0.5343400703498944
2024-08-08,29.956284721874997,33.78125,27.0,0.4988073450482979
2024-08-09,30.513888889375,34.012499999999996,27.08125,0.2251177598300212
2024-08-10,28.932708334375,33.224999999999994,26.03125,0.515719525428595
2024-08-11,30.90686122625,33.768750000000004,27.29375,0.6179670431958284
2024-08-12,32.07940972125,35.5,28.174999999999997,0.956168082912986
2024-08-13,31.169027778125002,34.631249999999994,27.6625,0.9943489264479692
2024-08-14,30.954160780625003,34.293749999999996,27.03125,0.9932898743465207
2024-08-15,30.848003761875002,34.699999999999996,27.24375,0.9463714108923665
2024-08-16,28.332726955625,30.61875,26.9375,1.3277514968466686
2024-08-17,31.044444445,36.0,27.375,1.1509191619774244
2024-08-18,29.544652778125002,33.29375,26.706249999999997,1.2344903533284486
2024-08-19,31.513744956875,35.66875,27.55625,1.1334007997565456
2024-08-20,30.179826389375,34.26875,26.487499999999997,1.095167933319154
2024-08-21,29.71965277625,33.4625,26.262500000000003,1.080086907671025
2024-08-22,27.91524305625,31.450000000000003,25.9875,1.315878525766482
2024-08-23,29.186388889375,33.537499999999994,26.21875,1.196803783548676
2024-08-24,30.184305554999998,34.03125,26.5875,1.0962999748578777
2024-08-25,29.841206355,34.0375,26.21875,1.092806295596646
2024-08-26,29.384930556249998,32.64375,25.55625,0.7870871477515858
2024-08-27,29.343472221249996,32.4125,25.94375,0.7255241996650135
2024-08-28,28.791387082500002,33.01875,25.53125,0.735280659920787
2024-08-29,28.761351644999998,32.3625,25.45625,0.5202037113894401
2024-08-30,27.64204861125,30.73125,26.125,0.8358907758748575
2024-08-31,27.915624999375,31.40625,26.262500000000003,0.8005456624692225
2024-09-01,28.524687500625,31.462500000000002,26.081249999999997,0.6607348500939849
2024-09-02,30.230590278125,32.931250000000006,26.65,0.8679923193250116
2024-09-03,25.383680556875,28.63125,23.575,1.4840353761991252
2024-09-04,25.457986110625,27.51875,23.1625,1.7631525769333087
2024-09-05,27.0864222525,30.55,23.581249999999997,1.708270320852253
2024-09-06,28.22197916625,31.90625,24.0,1.732294412510085
2024-09-07,29.00334089875,32.2875,24.10625,1.817671830152321
2024-09-08,29.019025255625,32.125,24.862499999999997,1.8640085191779658
2024-09-09,28.601562500624997,32.31875,24.64375,1.5869843424764862
2024-09-10,28.694027777499997,32.175,24.96875,1.3059718489544903
2024-09-11,29.275969311875002,32.737500000000004,25.443749999999998,0.7331670027439959
2024-09-12,29.054131944999998,32.6,25.41875,0.3546707213067312
2024-09-13,29.027361109375,31.975,25.206249999999997,0.23004785747108186
2024-09-14,29.642347339375,32.5,25.825,0.34906020176523933
2024-09-15,29.792118056249997,32.10625,26.087500000000002,0.44783070126467794
2024-09-16,25.971701389375,28.45625,24.4125,1.2938494772533322
2024-09-17,28.435277777499998,31.512500000000003,24.45,1.3003834868694968
2024-09-18,29.748819444375,33.006249999999994,25.89375,1.34424337351438
2024-09-19,28.759687498125,32.375,25.3125,1.339939978706009
2024-09-20,29.501234675,32.38125,25.975,1.366915177435188
2024-09-21,29.56486111,33.975,25.893749999999997,1.3595899720044806
2024-09-22,27.024895833125,30.731250000000003,23.8125,1.4318407675992502
2024-09-23,23.659312345,27.30625,20.56875,2.1699090555588256
2024-09-24,21.964652776875,24.7625,18.112499999999997,3.1567096182574628
2024-09-25,21.808550118124998,24.14375,19.45625,3.486947245432972
2024-09-26,24.770196570625004,28.08125,21.53125,3.2888303043160727
2024-09-27,23.994479822500004,25.01875,22.7625,2.7838376502019595
2024-09-28,24.269233363749997,26.500000000000004,22.275,1.7720002204951977
2024-09-29,23.560648368125,25.3875,21.125,1.1302677164681931
2024-09-30,23.3464980175,26.88125,20.612499999999997,1.1259785421162882
2024-10-01,23.640434344375002,26.0125,21.7125,0.9349177961715133
2024-10-02,26.791892324375,29.324999999999996,22.706250000000004,1.1835721479293901
2024-10-03,23.585937891249998,26.64375,21.46875,1.1962446169267853
2024-10-04,27.055208333125,30.012500000000003,23.668750000000003,1.6094563621594102
2024-10-05,22.73593575375,23.95,21.675,1.760369751277986
2024-10-06,22.70576388875,24.700000000000003,20.89375,1.8544787777153884
2024-10-07,26.00947916625,29.56875,21.2625,1.9068284596367433
2024-10-08,20.5330208325,21.81875,19.35625,2.461176108105003
2024-10-09,18.098444676875,19.49375,16.725,3.057821650951928
2024-10-10,18.634201388125,22.925,15.55625,3.43814204153307
2024-10-11,19.709583333125,23.36875,14.20625,2.787668816529575
2024-10-12,20.051041666875,23.887500000000003,15.03125,2.725743238326933
2024-10-13,20.3575694425,24.075,14.68125,2.596443300185187
2024-10-14,20.048090276875,23.924999999999997,15.087500000000002,0.9165533930159402
2024-10-15,22.1649305575,25.8,16.349999999999998,1.3076801871810149
2024-10-16,23.47710991,26.8875,19.15,1.6350486507585222
2024-10-17,22.997708334374998,26.025,20.856250000000003,1.5759947248465946
2024-10-18,23.133055555625,25.6,20.6875,1.5463103259653967
2024-10-19,25.225069445000003,28.10625,21.65625,1.813929082448862
2024-10-20,18.807187499999998,25.05625,14.7,2.1757287252368394
2024-10-21,17.313768884374998,21.38125,14.175,2.7968213013628835
2024-10-22,21.147569443125,24.75,16.98125,2.805610388426531
2024-10-23,23.392430556249998,26.56875,20.13125,2.796984967724796
2024-10-24,23.398189594375,25.9,20.75,2.83143882160561
2024-10-25,20.839791666249997,23.3875,19.28125,2.780174339905462
2024-10-26,20.745034723125002,23.85625,18.087500000000002,2.225665715428512
2024-10-27,21.07888888875,24.16875,17.831249999999997,2.043780466005787
2024-10-28,21.231420834375,22.8625,18.86875,1.1768585333337744
2024-10-29,17.8915625,20.23125,16.09375,1.8678175695587962
2024-10-30,18.069722222499998,23.05625,14.575,1.9212273019694992
2024-10-31,16.023055555499997,20.0875,10.60625,2.0616644854443154
2024-11-01,18.573229165625,23.025,14.2125,1.9761443915272634
2024-11-02,18.02576388875,19.65625,16.91875,1.859870784852015
2024-11-03,18.1479186075,21.78125,12.768749999999999,1.5366547768775902
2024-11-04,17.5103819446875,21.9125,12.099999999999998,0.8240244098944338
2024-11-05,16.729409721875,19.60625,13.78125,0.9036907013116244
2024-11-06,16.4160416675,19.83125,13.31875,0.9689729319611775
2024-11-07,15.0939876244375,19.68125,9.14375,1.2132963528795078
2024-11-08,13.6720833335,18.65625,7.987500000000001,1.6379264782178005
2024-11-09,14.3139583331875,19.78125,9.58125,1.6673731118480684
2024-11-10,17.246805555625,20.924999999999997,14.018749999999999,1.498657502153627
2024-11-11,17.234981571875,21.18125,14.45,1.4507978882432475
2024-11-12,16.636944443875002,21.74375,12.256250000000001,1.4414791658237542
2024-11-13,16.671284720625,20.91875,12.05,1.462669724683045
2024-11-14,17.648357386249998,20.9375,14.262500000000001,1.56125954824511
2024-11-15,17.718229166875,19.63125,16.174999999999997,1.1671092243821215
2024-11-16,18.01399305625,21.6,14.856250000000001,0.5239792041243596
2024-11-17,19.6265277775,22.84375,16.525,1.0165477818511508
2024-11-18,16.612326389375,19.39375,13.8875,1.0839290827317194
2024-11-19,13.662118055625001,18.26875,8.475,1.831809274831516
2024-11-20,11.1710630033125,13.606250000000001,9.543750000000001,2.9205365387157314
2024-11-21,13.991932224374999,18.4375,11.15,2.976148651261055
2024-11-22,14.614305555249999,19.59375,9.575,2.877171247839053
2024-11-23,13.5296874993125,18.806250000000002,8.712499999999999,2.687100350327704
2024-11-24,11.842534722125,17.5375,6.8999999999999995,1.7910235725474595
2024-11-25,11.695694445375,17.15,5.56875,1.3329263841681531
2024-11-26,13.3532638888125,19.3375,8.93125,1.3095450577185939
2024-11-27,17.698267768125,21.8375,13.79375,2.0176959044350107
2024-11-28,15.9378125,20.0625,11.75,2.173675315896021
2024-11-29,13.3227430561875,19.275,8.38125,2.177154377452405
2024-11-30,11.476701388687498,17.1875,6.3062499999999995,2.3671386439925874
2024-12-01,12.4144097225625,18.0125,6.46875,2.3046886384391843
2024-12-02,13.6863194450625,19.21875,8.3125,2.1325661566601757
2024-12-03,14.216099278562499,19.20625,8.043750000000001,2.1148815315141167
2024-12-04,13.4276417995,19.099999999999998,8.6625,1.4023370049353272
2024-12-05,13.966458332875,18.71875,8.2,0.9581648468249615
2024-12-06,13.012291666125002,18.26875,6.81875,0.959571897004631
2024-12-07,11.4309000613125,17.525,6.51875,0.9731142377261215
2024-12-08,11.4782986109375,16.525000000000002,5.9125,1.1429393508567676
2024-12-09,9.974722221625,15.09375,3.775,1.569624648720518
2024-12-10,11.161182108125,16.33125,4.699999999999999,1.4319069706466176
2024-12-11,11.269270833999999,16.03125,5.56875,1.317248823128511
2024-12-12,9.566041666,15.68125,3.5749999999999997,1.122187823710991
2024-12-13,7.80932997075,13.03125,3.90625,1.3630049600851875
2024-12-14,10.2913888898125,15.6375,4.0375,1.2828576518665522
2024-12-15,9.2515533820625,14.55,2.83125,1.1921329020589182
2024-12-16,10.0867708333125,15.475,3.8249999999999993,1.1940016428193343
2024-12-17,10.1863888888125,15.437499999999998,3.8875,1.0760483855639267
2024-12-18,10.74578801825,15.58125,4.8,0.9680791327368915
2024-12-19,8.837013889437499,14.443750000000001,4.831250000000001,1.0232056547669783
2024-12-20,9.6615885413125,15.85,3.775,0.6563170279845236
2024-12-21,13.494270833249999,17.856250000000003,8.362499999999999,1.533177099427621
2024-12-22,11.7084151928125,17.3,6.1125,1.5281357264782485
2024-12-23,9.7290972229375,14.9125,3.4250000000000003,1.5567674148985349
2024-12-24,9.5064236101875,14.59375,3.4,1.6089082971611948
2024-12-25,10.853750000625,18.44375,4.4375,1.6118801239777292
2024-12-26,12.483688509125,18.0375,6.656249999999999,1.5575599915803378
2024-12-27,10.510833332625,16.29375,4.7625,1.4602953791416675
2024-12-28,10.1110416665,15.856250000000003,3.6562500000000004,1.077962290646842
2024-12-29,9.227361110875,15.3375,2.9124999999999996,1.0989925826776104
2024-12-30,8.315244025750001,14.29375,3.28125,1.3357032624119802
2024-12-31,10.872534722062499,15.750000000000002,5.8125,1.3267841020894149
2025-01-01,10.281875000249999,15.3,4.23125,1.3072840387947058
2025-01-02,10.487912399062498,15.956249999999997,5.46875,0.8927626748745687
2025-01-03,8.9470486108125,12.475,5.9750000000000005,0.9304336886865028
2025-01-04,9.836041665875001,15.225,4.1875,0.9183264655402331
2025-01-05,9.2394791665625,15.206249999999999,2.8874999999999997,0.9172764420630902
2025-01-06,9.987673611062501,15.375,6.05625,0.6801614128219501
2025-01-07,11.5365043701875,17.18125,6.418749999999999,0.8542225583468858
2025-01-08,10.2249305545,15.568750000000001,4.15625,0.8518611043488264
2025-01-09,10.753888888687502,15.512500000000003,5.0625,0.8807629888958236
2025-01-10,9.11524305625,14.450000000000001,2.5687500000000005,0.8464879532943219
2025-01-11,9.1806597220625,14.493749999999999,2.5812500000000003,0.9139871155012028
2025-01-12,8.33270231975,13.26875,5.3374999999999995,1.0882864304675866
2025-01-13,10.6732986111875,15.868749999999999,4.312500000000001,1.1300694338050243
2025-01-14,9.647640065125001,15.149999999999999,3.3125,0.8960402386278863
2025-01-15,10.44727285125,15.43125,4.15625,0.9211703760960402
2025-01-16,7.6924652780625,12.81875,2.86875,1.0716988996563899
2025-01-17,9.3459027776875,15.037499999999998,2.78125,1.0686680900420504
2025-01-18,8.525435871375,14.45,1.71875,1.1118947637209828
2025-01-19,8.396145833312499,13.53125,4.3062499999999995,1.1035142781768144
2025-01-20,13.0246587911875,17.96875,8.5375,1.7679348663012975
2025-01-21,12.99930555575,17.75625,8.037500000000001,2.191541867293643
2025-01-22,11.06249883,15.987499999999999,4.737500000000001,2.2217155492569423
2025-01-23,11.242673611375,16.393750000000004,5.65,1.9567681119497178
2025-01-24,11.336909722249999,15.956249999999999,5.949999999999999,1.8775871880958068
2025-01-25,10.260729166499999,14.149999999999999,6.64375,1.59944423822637
2025-01-26,10.419027777812502,15.006249999999998,4.56875,1.1223205611717797
2025-01-27,10.770833333437501,16.125,5.13125,0.9073541908309596
2025-01-28,13.158263889125001,17.6,8.15625,0.9615461850601261
2025-01-29,12.318287922687503,19.75,5.1937500000000005,1.049387494041525
2025-01-30,10.4967641884375,15.456249999999999,3.925,1.0997259690542602
2025-01-31,11.249883006750002,15.89375,5.0625,1.0990918177806681
2025-02-01,11.6674543543125,17.90625,6.4125000000000005,1.0158381175775484
2025-02-02,9.590242668375,11.7,8.25625,1.1883304692670347
2025-02-03,11.444652777750001,16.0125,7.025,1.1633006326198336
2025-02-04,11.52510416675,16.55,5.96875,0.8870665550703845
2025-02-05,10.571701388812501,15.94375,4.1375,0.75011313223878
2025-02-06,11.001944444500001,15.837499999999999,4.48125,0.7247844743069343
2025-02-07,10.727638889625,15.993749999999999,4.637499999999999,0.7225255286703228
2025-02-08,11.390763889875,17.51875,4.675000000000001,0.682064005962406
2025-02-09,10.5732986108125,15.399999999999999,3.8375,0.4199104559510451
2025-02-10,10.150243055375,15.4125,3.125,0.48817888847865565
2025-02-11,9.8764583334375,15.13125,2.8312500000000003,0.5048524139449235
2025-02-12,11.0960763879375,16.275,5.4,0.5356420711332041
2025-02-13,14.284201389624998,19.18125,7.543749999999999,1.4728742048344485
2025-02-14,12.874444444812502,17.193749999999998,6.3875,1.5876195302295
2025-02-15,12.6730555560625,17.34375,6.581250000000001,1.6505398848582007
2025-02-16,14.2959722229375,18.99375,10.625,1.8362758344053303
2025-02-17,13.818018505374999,18.65625,8.66875,1.6774412389853517
2025-02-18,12.1027281195,18.181250000000002,6.2124999999999995,1.1935638195661877
2025-02-19,11.050555554687499,16.0375,4.199999999999999,1.2058578805424331
2025-02-20,10.911979166312499,16.30625,3.7,1.284914061814272
2025-02-21,10.732395833625002,15.818750000000001,4.00625,1.4360556690606907
2025-02-22,10.5765625005,16.51875,2.7062500000000003,1.5420788661675846
2025-02-23,10.1907986106875,15.55625,2.7062500000000003,1.2424432898752564
2025-02-24,10.655416666437501,16.55625,2.89375,0.6005485906435905
2025-02-25,11.814374999812499,17.00625,4.56875,0.5058071406412555
2025-02-26,14.592222221250001,19.799999999999997,7.793749999999999,1.5124629517783263
2025-02-27,12.749270833375,17.95625,5.1125,1.5809627857945268
2025-02-28,13.414930555125,17.95,6.7375,1.6545286524609255
2025-03-01,14.515590278125,19.51875,7.5687500000000005,1.756771519881445
2025-03-02,16.3758624295625,21.40625,10.0625,1.9138918570815335
2025-03-03,9.8817099238125,11.04375,8.425,2.1137733074429317
2025-03-04,8.70833333325,11.68125,5.543749999999999,2.724054399881083
2025-03-05,10.175985218874999,13.4625,7.99375,2.7753371740838375
2025-03-06,12.9731440095,16.86875,9.26875,2.783190600126263
2025-03-07,13.1183680559375,17.68125,6.8375,2.765452894371346
2025-03-08,9.137951389249999,13.9,5.200000000000001,2.778053663849996
2025-03-09,12.08850694575,17.1125,5.8375,1.8300408297338193
2025-03-10,11.9065277775,18.54375,3.8437499999999996,1.80784138153024
2025-03-11,13.28576388875,17.4,8.2875,1.588463834189051
2025-03-12,16.159375000625,19.18125,12.712499999999999,2.091417598406483
2025-03-13,17.78744413375,21.756249999999998,12.50625,2.8594126354571334
2025-03-14,15.9392013878125,21.78125,8.1625,3.0150642270169365
2025-03-15,11.36874999975,15.425,6.79375,2.5231329923717443
2025-03-16,10.3125000005,12.14375,8.83125,2.8273136596622677
2025-03-17,14.2976736105,18.66875,8.125,2.698729633688169
2025-03-18,13.337777778312502,17.69375,6.8125,2.6959774841627175
2025-03-19,11.880104166875,17.125,7.69375,2.655036388271032
2025-03-20,11.9496875005,17.075000000000003,5.2375,1.9215619456105315
2025-03-21,14.2729513883125,18.9375,6.887499999999999,1.5181089725232597
2025-03-22,16.78673611125,20.6,10.10625,2.1156361619461146
2025-03-23,18.298506945625,22.4,11.89375,2.3945640396189436
2025-03-24,15.838761832875,19.625,10.925,2.4533510343316705
2025-03-25,18.895347221875003,23.21875,12.375,2.8371574886561897
2025-03-26,20.644652776875,24.662499999999998,14.956249999999999,2.9477065821662816
2025-03-27,19.235486110625,23.44375,14.6,2.1930927191707603
2025-03-28,20.728194444375,25.06875,18.01875,1.834699954953635
2025-03-29,11.821770833125,13.675,10.33125,3.1531634841488816
2025-03-30,14.971631943875,19.34375,9.6875,3.3327837715602104
2025-03-31,12.272881943625,15.6125,9.0,3.8518443150397568
2025-04-01,10.0359722209375,11.2375,8.975,4.502303071647661
2025-04-02,14.658680555,17.700000000000003,12.293750000000001,3.9331152181579108
2025-04-03,12.4113194440625,15.5625,9.712499999999999,3.4746427899659422
2025-04-04,14.559236111687499,18.81875,8.3625,1.8306830073933018
2025-04-05,15.60229166725,20.26875,9.15,1.989152437323581
2025-04-06,16.80613206125,20.68125,12.6875,2.3100543302143626
2025-04-07,16.080451388625,20.89375,11.35625,2.348444628098796
2025-04-08,16.7103125000625,20.33125,11.0,1.5412041093502917
2025-04-09,17.457673610625,22.174999999999997,11.0375,1.7124112490757324
2025-04-10,18.108784721875,21.962500000000002,14.125,1.1823253973760828
2025-04-11,18.339016423125003,20.775,14.493750000000002,1.0124994357747887
2025-04-12,17.0062847225,19.85,12.918750000000001,0.8035128814033441
2025-04-13,16.135243055625,19.543750000000003,13.925,0.895256163296458
2025-04-14,19.836388889375,24.1875,15.28125,1.2311316313798262
2025-04-15,18.26760416625,22.081249999999997,13.306249999999999,1.170942368300847
2025-04-16,17.0486458343125,21.36875,10.731250000000001,1.205160675047926
2025-04-17,18.847916666812498,22.743750000000002,13.1125,1.2655189227563168
2025-04-18,21.162083333125004,24.775,16.5625,1.768854536284616
2025-04-19,22.8498611125,26.8375,17.125,2.330291183326827
2025-04-20,20.569861110625,22.762500000000003,17.90625,1.9397396326705438
2025-04-21,19.4383476875,23.63125,15.181249999999999,1.9442379599628057
2025-04-22,19.241770833062503,23.53125,14.956249999999999,1.8539991180429043
2025-04-23,19.473390556875,20.90625,18.043750000000003,1.4103059512377947
2025-04-24,20.9131597225,24.83125,17.6625,1.2843161022830059
2025-04-25,20.39069444375,23.437499999999996,17.275,1.2528712299931286
2025-04-26,17.5446875,20.918750000000003,13.26875,1.130284329173937
2025-04-27,19.567430555312498,23.325000000000003,13.587500000000002,1.0558292597294845
2025-04-28,19.24423611,22.93125,16.075,1.0605609695162153
2025-04-29,19.71611111125,25.00625,14.912500000000001,1.0577891311739183
2025-04-30,18.864583333812497,23.35,13.43125,1.089681464885222
2025-05-01,19.564911006875,23.4625,17.299999999999997,0.8918274557196527
2025-05-02,17.485772425,19.931250000000002,15.09375,0.9571086496018367
2025-05-03,21.338854166875,26.09375,15.993749999999999,1.1466955526457174
2025-05-04,20.194097221249997,24.99375,16.0875,1.1859708368075204
2025-05-05,19.123368055,23.1625,14.568750000000001,1.1909626930957569
2025-05-06,16.69045139,18.05,15.59375,1.5740541929601108
2025-05-07,20.6697916675,25.325000000000003,16.05,1.684985382394658
2025-05-08,19.502430555625,23.224999999999998,15.775,1.683484101686428
2025-05-09,19.526041666875,23.049999999999997,16.625,1.4846565082521752
2025-05-10,20.90875000125,23.556250000000002,18.8875,1.4064714802865437
2025-05-11,22.754999999375,26.40625,18.38125,1.8691015688776083
2025-05-12,19.333993055,23.125,16.98125,1.8565014296231024
2025-05-13,20.5569791675,24.60625,16.4375,1.1957405426421575
2025-05-14,21.067118055625002,25.856250000000003,17.19375,1.216350772424711
2025-05-15,21.429172098125,25.668750000000003,18.006249999999998,1.1642015325733883
2025-05-16,22.346145831875,25.36875,19.375,1.1388690183380652
2025-05-17,21.748124999375,23.1125,20.575000000000003,1.1472998566076549
2025-05-18,24.40149305625,27.24375,22.3625,1.578422738042173
2025-05-19,20.92770833375,23.04375,19.075,1.2940366331188782
2025-05-20,23.602862103125,28.09375,20.49375,1.325035754657299
2025-05-21,25.46291666625,28.987500000000004,21.7625,1.6824128421332467
2025-05-22,24.437916666875,28.143749999999997,20.75,1.6441679509387623
2025-05-23,20.09125000125,23.018749999999997,17.71875,2.031758474447718
2025-05-24,19.411145834375,21.5625,17.05625,2.418053664026612
2025-05-25,21.125381945,24.118750000000002,17.725,2.33110805318422
2025-05-26,19.804930555625,22.831249999999997,17.481250000000003,2.4641630664092222
2025-05-27,19.0683333325,21.23125,16.924999999999997,2.563795515142708
2025-05-28,21.066666665625,24.55625,17.418750000000003,1.8157197145475168
2025-05-29,20.696086669375,24.33125,18.03125,0.8084719484660351
2025-05-30,16.57611111125,18.125,15.54375,1.5885286534352554
2025-05-31,17.99940972125,21.13125,15.9875,1.7128607213739733
2025-06-01,20.201805554375,23.49375,16.9875,1.5963043830023669
2025-06-02,22.336805555,26.58125,19.1,1.9627327266740435
2025-06-03,20.65743055625,22.54375,19.68125,1.9685151503808345
2025-06-04,24.219895833125,27.987499999999997,20.7875,2.5468670986635162
2025-06-05,24.624166667499995,29.518749999999997,20.39375,3.016539383512141
2025-06-06,24.43920138875,28.65625,19.806250000000002,2.545758231145735
2025-06-07,25.4449652775,29.125,20.88125,2.0740672670298133
2025-06-08,23.798159722499996,26.9,20.924999999999997,1.6237970262856074
2025-06-09,22.818215975625,26.125,20.43125,1.5683652911051258
2025-06-10,22.915625000000002,24.33125,21.74375,0.941834080550837
2025-06-11,23.299548610625,25.85,22.175,0.9757057365139564
2025-06-12,23.667048611250003,28.63125,20.73125,0.9239316026856729
2025-06-13,22.467777777499997,26.3875,19.63125,0.9840865937871708
2025-06-14,23.624924542499997,27.49375,20.95,0.5039758340381227
2025-06-15,26.79215277875,30.93125,24.6375,1.4506034627573783
2025-06-16,28.047881944375,31.31875,24.30625,2.1336670487555844
2025-06-17,29.617101954375002,33.9875,25.5875,2.7654314529064163
2025-06-18,28.46281250125,31.81875,24.43125,2.8126037461303914
2025-06-19,27.372708334374998,30.9125,23.256249999999998,2.6212199371387497
2025-06-20,27.561006945000003,31.331249999999997,24.15,1.8751642446639598
2025-06-21,27.57241756,32.21875,24.3375,0.9140006985535879
2025-06-22,29.271840278124998,32.83125,25.55625,0.8849924604268031
2025-06-23,28.919873720625,32.64375,26.168750000000003,0.9091861094563011
2025-06-24,27.64163194375,30.5875,25.6625,0.76195492712502
2025-06-25,27.801423610625,31.025000000000002,25.699999999999996,0.7525297190340507
2025-06-26,28.491215279374998,32.3,25.55625,0.7096774250549418
2025-06-27,28.398661740625002,32.30625,24.8375,0.6565587390617712
2025-06-28,28.104583333125,32.475,24.337500000000002,0.5852658830401113
2025-06-29,28.984791668125,33.6,24.849999999999998,0.5182207126077277
2025-06-30,29.232812501250002,34.15,25.356249999999996,0.5861695127863742
2025-07-01,29.08809027875,33.1,25.34375,0.5355523182593316
2025-07-02,29.481597221875003,33.775,26.15,0.5007246469084361
2025-07-03,28.763368055625,32.55625,25.2875,0.4805606528668778
2025-07-04,28.953159722499997,32.95,25.10625,0.43439258736690145
2025-07-05,29.081763463125,32.86875,26.412499999999998,0.22730886634334252
2025-07-06,29.9373263875,33.325,26.81875,0.3871648847065966
2025-07-07,29.946631945,34.118750000000006,26.5375,0.4751846037890577
2025-07-08,30.490104166875,34.39375,27.5,0.6304199996368399
2025-07-09,30.78346116625,34.6125,27.1625,0.7886829734036674
2025-07-10,28.244374999374998,33.0125,24.81875,0.9076973676872157
2025-07-11,23.132847221249996,24.525,21.84375,2.6427112937638957
2025-07-12,25.434375001249997,29.34375,22.65,2.9231344949031914
2025-07-13,27.865451387500002,31.9,24.581249999999997,2.8309472115236542
2025-07-14,27.422152778125003,31.174999999999997,25.75625,2.697083667007969
2025-07-15,26.905451388125,29.700000000000003,25.725,2.384551892142924
2025-07-16,27.469965276875,30.83125,25.71875,1.7888761892847977
2025-07-17,29.692222221874996,33.1,26.30625,2.0674166605658373
2025-07-18,29.3005466325,34.06875,25.95,1.4403348084767127
2025-07-19,29.368055555625,33.90625000000001,25.85625,1.130815498955865
2025-07-20,29.94694444375,34.36875,26.68125,1.266386004158373
2025-07-21,30.719409721250003,35.28125,27.143749999999997,1.370098766600643
2025-07-22,30.837488941875,35.318749999999994,26.49375,1.1248156463633663
2025-07-23,30.291458333125,35.15625,26.400000000000002,0.6173241583059951
2025-07-24,30.452106029375003,35.15625,26.162499999999998,0.6164173251253534
2025-07-25,30.984131945625002,34.75625,26.44375,0.564735458064418
2025-07-26,31.389444444375002,35.474999999999994,27.275,0.4760380773158227
2025-07-27,30.219930555625,34.425000000000004,26.4875,0.41516336985571634
2025-07-28,30.67201389,34.706250000000004,26.0625,0.41516415652886424
2025-07-29,29.523333332500002,33.793749999999996,24.80625,0.5962429501709223
2025-07-30,28.729548610625002,32.76875,25.6625,0.9027735656973598
2025-07-31,27.843055555625003,31.26875,25.081250000000004,1.2802644860967174
2025-08-01,26.072465278125,28.231250000000003,24.69375,1.8234142264857647
2025-08-02,30.924444443125,36.75,26.793749999999996,1.737085883659793
2025-08-03,30.388437500000002,33.675,27.01875,1.7556035678967317
2025-08-04,31.851145834375004,35.53125,27.74375,1.9680406228638967
2025-08-05,32.55038116875,36.00625,28.356249999999996,2.3181953564765387
2025-08-06,31.906319444375,36.43125,27.91875,2.391356195029491
2025-08-07,29.616944444375,32.79375,27.08125,2.1824181099168296
2025-08-08,30.165208334375002,34.325,25.9625,1.07360727288307
2025-08-09,27.697086630624998,31.78125,24.46875,1.6684745650793353
2025-08-10,26.98250315625,28.33125,25.69375,2.162689366057431
2025-08-11,27.914861111875002,30.33125,26.90625,2.1461771709489987
2025-08-12,28.37853992,30.668750000000003,26.768749999999997,1.707838153702427
2025-08-13,28.075520833124997,31.04375,25.087500000000002,1.1136480164493834
2025-08-14,27.915584651875,32.05625,24.46875,0.9828838574934594
2025-08-15,30.025763888750003,33.5625,25.825,0.9357858885208757
2025-08-16,28.192743055,32.65,25.5875,0.9150854349590802
2025-08-17,29.711041665000003,33.00625,25.90625,0.8845911366678724
2025-08-18,29.9278148275,33.462500000000006,25.487499999999997,0.9488367974701271
2025-08-19,30.209583331875002,33.525000000000006,25.8,1.0331231944584534
2025-08-20,30.540673689375005,34.2875,26.03125,1.0254850722674247
2025-08-21,30.7360763875,34.4875,26.500000000000004,0.8338742228153001
2025-08-22,29.758923610625,33.13125,25.94375,0.8335989041210976
2025-08-23,30.319548610000002,33.5,26.043749999999996,0.3915836716760964
2025-08-24,30.600347221875,34.4875,26.612499999999997,0.3601228061784657
2025-08-25,29.68145833375,33.29375,26.181250000000002,0.410900920337546
2025-08-26,30.239390325,33.287499999999994,26.35,0.41039955439308495
2025-08-27,30.450625000000002,33.150000000000006,26.606250000000003,0.4017503534503193
2025-08-28,27.947229205,31.1375,25.043750000000003,0.908550800486989
2025-08-29,29.097534721875,32.35,24.875000000000004,0.9536933368028336
2025-08-30,30.044687500000002,33.54375,25.956249999999997,0.9323458347735956
2025-08-31,29.774138344999997,32.68125,25.65,0.8515707541519347
2025-09-01,30.604344158125,33.1875,26.574999999999996,0.9329334207283406
2025-09-02,30.829618055624998,33.33125,26.75,1.0094567027312853
2025-09-03,30.225937500625,33.506249999999994,26.275,0.9894802707914668
2025-09-04,27.732678849375,30.8125,25.7,1.0570571000946567
2025-09-05,25.219027778750004,26.49375,24.24375,2.0299653515752776
2025-09-06,26.962569444375,30.137500000000003,22.55625,2.1481344115937597
2025-09-07,27.711666666875,31.05625,23.731250000000003,2.1278477223552783
2025-09-08,29.253888888749998,32.44375,24.9375,1.9563288510041197
2025-09-09,29.710625,33.150000000000006,26.299999999999997,1.7475089011743719
2025-09-10,28.103472221875,31.19375,25.55625,1.4849331221062623
2025-09-11,27.660729166875,31.049999999999997,24.9375,1.4858338766490198
2025-09-12,25.738715276875,28.725,23.793750000000003,1.3411341771367138
2025-09-13,27.70656463375,31.706249999999997,24.768749999999997,1.2848519926063142
2025-09-14,29.21673611125,31.875,26.418750000000003,1.3557249794880244
2025-09-15,27.258263890000002,29.7875,24.7875,1.3057507617921809
2025-09-16,28.8631597225,31.918750000000003,25.1625,1.1401500494604844
